<?xml version="1.0"?>
<doc>
    <assembly>
        <name>Proyecto_1</name>
    </assembly>
    <members>
        <member name="M:Proyecto_1.Form1.Recibe3">
            //////////////////////
        </member>
        <member name="M:Proyecto_1.Form1.btnGuardarLey_Click(System.Object,System.EventArgs)">
            //////////////////////
        </member>
        <member name="F:Proyecto_1.Form1.components">
            <summary>
            Variable del diseñador requerida.
            </summary>
        </member>
        <member name="M:Proyecto_1.Form1.Dispose(System.Boolean)">
            <summary>
            Limpiar los recursos que se estén utilizando.
            </summary>
            <param name="disposing">true si los recursos administrados se deben desechar; false en caso contrario.</param>
        </member>
        <member name="M:Proyecto_1.Form1.InitializeComponent">
            <summary>
            Método necesario para admitir el Diseñador. No se puede modificar
            el contenido del método con el editor de código.
            </summary>
        </member>
        <member name="M:Proyecto_1.Program.Main">
            <summary>
            Punto de entrada principal para la aplicación.
            </summary>
        </member>
        <member name="T:Proyecto_1.Properties.Resources">
            <summary>
              Clase de recurso fuertemente tipado para buscar cadenas traducidas, etc.
            </summary>
        </member>
        <member name="P:Proyecto_1.Properties.Resources.ResourceManager">
            <summary>
              Devuelve la instancia ResourceManager almacenada en caché utilizada por esta clase.
            </summary>
        </member>
        <member name="P:Proyecto_1.Properties.Resources.Culture">
            <summary>
              Invalida la propiedad CurrentUICulture del subproceso actual para todas las
              búsquedas de recursos usando esta clase de recursos fuertemente tipados.
            </summary>
        </member>
    </members>
</doc>
