<?xml version="1.0"?>
<doc>
    <assembly>
        <name>Proyecto_1</name>
    </assembly>
    <members>
        <member name="F:Proyecto_1.Form1.listaUsuarios">
            <summary>
            Esta clase esta encargada de controlar los metodos de las otras clases. 
            </summary>
        </member>
        <member name="M:Proyecto_1.Form1.btnLogIn_Click(System.Object,System.EventArgs)">
            <summary>
            En el btnLogIn; se utilizaron if y for para poder diferenciar si existe el usuario o es un usuario nuevo
            además de verificar que no solo en nombre de usuario si no tambien su contraseña sea la correcta
            </summary>
            <param name="sender"></param>
            <param name="e"></param>
        </member>
        <member name="M:Proyecto_1.Form1.btnCreado_Click(System.Object,System.EventArgs)">
            <summary>
            en el metodo btnCreado, se crea un usuario nuevo con nombre, cantidad de asesores, una lista de asesores
            una contraseña y ademas una lista de leyes.
            </summary>
            <param name="sender"></param>
            <param name="e"></param>
        </member>
        <member name="M:Proyecto_1.Form1.Recibe">
            <summary>
            En en metodo Recice; se instancia un usuario nuevo y se retorna el mismo.
            </summary>
        </member>
        <member name="M:Proyecto_1.Form1.btnEliminado_Click(System.Object,System.EventArgs)">
            <summary>
            En el metodo btnEliminado; se utilizaron for para recorrer la lista de usuarios, luego el usuario que tiene el 
            nombre del usuario en la lista se elimina.
            </summary>
            <param name="sender"></param>
            <param name="e"></param>
        </member>
        <member name="M:Proyecto_1.Form1.btnModificado_Click(System.Object,System.EventArgs)">
            <summary>
            Para facilitar la modificación del usuario se elimina el usuario que se desea modificar y se crea un nuevo
            </summary>
            <param name="sender"></param>
            <param name="e"></param>
        </member>
        <member name="M:Proyecto_1.Form1.btnGuardarCantRegla_Click(System.Object,System.EventArgs)">
            <summary>
            En el metodo btnGuardarCantRegla, se guardan los reglamentos en una lista
            </summary>
            <param name="sender"></param>
            <param name="e"></param>
        </member>
        <member name="M:Proyecto_1.Form1.Recibe2">
            <summary>
            Metodo Recibe2 este metodo agrega a la lista de leyes completas la ley
            </summary>
        </member>
        <member name="M:Proyecto_1.Form1.btnAgregarLeyExistente_Click(System.Object,System.EventArgs)">
            <summary>
            Este metodo agrega una ley de la lista de Leyes completa a cualquier usuario
            </summary>
            <param name="sender"></param>
            <param name="e"></param>
        </member>
        <member name="M:Proyecto_1.Form1.btnEliminarLey_Click(System.Object,System.EventArgs)">
            <summary>
            El metodo btnEliminarLey este al igual que el anterior, busca en la lista de leyes completas la ley que se desea eliminar 
            y al encontrarla la elmina y luego crea una ley nueva.
            </summary>
            <param name="sender"></param>
            <param name="e"></param>
        </member>
        <member name="M:Proyecto_1.Form1.btnModLey_Click(System.Object,System.EventArgs)">
            <summary>
            Para  modificar las leyes se creo un metodo denominado btnModLey el cual primero busca la ley que se desea eliminar 
            y luego crea una ley nueva
            </summary>
            <param name="sender"></param>
            <param name="e"></param>
        </member>
        <member name="M:Proyecto_1.Form1.btnInformeLey_Click(System.Object,System.EventArgs)">
            <summary>
            En el metodo btnInformeLey se utiliza para mostarr la lista de leyes completas con sus 
            reglamentos asignados
            </summary>
            <param name="sender"></param>
            <param name="e"></param>
        </member>
        <member name="M:Proyecto_1.Form1.btnInformeGrupo_Click(System.Object,System.EventArgs)">
            <summary>
            Al igual que el boton de ver leyes, este muestra las leyes pero solamente las que el usuario 
            presto por lote (es decir ley+reglamento)
            </summary>
            <param name="sender"></param>
            <param name="e"></param>
        </member>
        <member name="M:Proyecto_1.Form1.btnprest_Click(System.Object,System.EventArgs)">
            <summary>
            En el boton que se presenta a continuación, se prestan las copias
            con la condición que solamente puede prestar 2 copias.
            </summary>
            <param name="sender"></param>
            <param name="e"></param>
        </member>
        <member name="M:Proyecto_1.Form1.button2_Click(System.Object,System.EventArgs)">
            <summary>
            EL metodo a continuación devuelve una copia; es decir que nuevamente agrega una copia
            </summary>
            <param name="sender"></param>
            <param name="e"></param>
        </member>
        <member name="F:Proyecto_1.Form1.components">
            <summary>
            Variable del diseñador requerida.
            </summary>
        </member>
        <member name="M:Proyecto_1.Form1.Dispose(System.Boolean)">
            <summary>
            Limpiar los recursos que se estén utilizando.
            </summary>
            <param name="disposing">true si los recursos administrados se deben desechar; false en caso contrario.</param>
        </member>
        <member name="M:Proyecto_1.Form1.InitializeComponent">
            <summary>
            Método necesario para admitir el Diseñador. No se puede modificar
            el contenido del método con el editor de código.
            </summary>
        </member>
        <member name="M:Proyecto_1.Ley.#ctor(System.String,System.Int32,Proyecto_1.Lista)">
            <summary>
            Clase Ley que contiene las copias, el nombre y la lista de reglamentos
            </summary>
            <param name="nL"></param>
            <param name="cRegla"></param>
            <param name="nomRegla"></param>
        </member>
        <member name="M:Proyecto_1.PilaCopias.#ctor(System.Int32)">
            <summary>
            Constructor de la clase Cola
            </summary>
            <param name="Ilimite">El limite de la cola</param>
        </member>
        <member name="M:Proyecto_1.PilaCopias.Valida_vacia">
            <summary>
            Valida si la pila esta vacia
            </summary>
            <returns>Retorna un valor verdadero si esta vacio y falso si esta lleno</returns>
        </member>
        <member name="M:Proyecto_1.PilaCopias.Valida_lleno">
            <summary>
            Valida si la pila esta lleno
            </summary>
            <returns>Retorna un valor verdadero si esta llena y falso si esta vacia</returns>
        </member>
        <member name="M:Proyecto_1.PilaCopias.Push(System.String)">
            <summary>
            Se agrega el valor recibido a la pila en la posicion vacia
            </summary>
            <param name="valor_ingresado">Dato a ingresar en la pila</param>
        </member>
        <member name="M:Proyecto_1.PilaCopias.Pop">
            <summary>
            La funcion devuelve el primer dato que ingreso
            </summary>
            <returns>El primer dato que entro es el primero que sale</returns>
        </member>
        <member name="M:Proyecto_1.PilaCopias.Count1">
            <summary>
            Verifica el numero de elementos que hay en la pila
            </summary>
            <returns>Retorna el numero de elementos de la pila</returns>
        </member>
        <member name="M:Proyecto_1.Program.Main">
            <summary>
            Punto de entrada principal para la aplicación.
            </summary>
        </member>
        <member name="M:Proyecto_1.Usuarios.#ctor(System.String,System.Int32,Proyecto_1.Lista,System.String,Proyecto_1.ListaLeyes)">
            <summary>
            Clase Usuarios que posee un metodo constructor "Usuarios"
            </summary>
            <param name="nombre"></param>
            <param name="asesoresc"></param>
            <param name="nombreAse"></param>
            <param name="contra"></param>
            <param name="lis"></param>
        </member>
        <member name="T:Proyecto_1.Properties.Resources">
            <summary>
              Clase de recurso fuertemente tipado para buscar cadenas traducidas, etc.
            </summary>
        </member>
        <member name="P:Proyecto_1.Properties.Resources.ResourceManager">
            <summary>
              Devuelve la instancia ResourceManager almacenada en caché utilizada por esta clase.
            </summary>
        </member>
        <member name="P:Proyecto_1.Properties.Resources.Culture">
            <summary>
              Invalida la propiedad CurrentUICulture del subproceso actual para todas las
              búsquedas de recursos usando esta clase de recursos fuertemente tipados.
            </summary>
        </member>
    </members>
</doc>
